Resort_Name,Caption,Caption_Hashtags,Timestamp,User_Id,Likes
squawvalley,"My ass hurts...
#roadbiking #tahoe #squawvalley",roadbiking|tahoe|squawvalley,2020-04-22 03:15:08,awebbb702,21
squawvalley,Amazing light on Headwall this evening #squawvalley #endoftheroad,squawvalley|endoftheroad,2020-04-22 03:06:30,jdenitto,44
squawvalley,Plans vs Progress! Flip to see the work going on right now‚Äî,,2020-04-21 22:53:08,brokenarrowchalet,15
squawvalley,"(üîä on for maximum experience) It‚Äôs been feeling like some pretty out of control times. Here‚Äôs a taste of some out of control skiing to go along with them. Meanwhile @momentskis Deathwish be all ‚Äúthat‚Äôs all you got?‚Äù @norrona @plumpjacksport @tahoesportshub @keepsquawtrue ‚Ä¢
‚Ä¢
‚Ä¢
#skiing #squawvalley #momentskis #deathwish #norr√∏na #norrona #plumpjacksport #deepinspots #palisades #squallywood #gnar #xtreme #steepndeep #powder #freeskier #snowbrains #ski_islife #goprosnow #newschoolers #gopro #tahoe #california #goprohero8 #wutangforever #olympicbootworks #squaw #ski #squawalpine #tahoesportshub #KeepSquawTrue",skiing|squawvalley|momentskis|deathwish|norr√∏na|norrona|plumpjacksport|deepinspots|palisades|squallywood|gnar|xtreme|steepndeep|powder|freeskier|snowbrains|ski_islife|goprosnow|newschoolers|gopro|tahoe|california|goprohero8|wutangforever|olympicbootworks|squaw|ski|squawalpine|tahoesportshub|keepsquawtrue,2020-04-21 21:52:10,mandrewhays,153
mammothmountain,"The nature is so serene at Mammoth Lakes, California. Just after I took this photo I saw a bear next to the lake but of course I didn‚Äôt have my zoom lens ready üòí.",,2020-04-22 12:22:19,ajarrettphotography,50
mammothmountain,"–ß–∏—Å—Ç–æ–≥–æ –Ω–µ–±–∞ –Ω–∞–¥ –≥–æ–ª–æ–≤–æ–π, –ø—É—Å—Ç—å –≤—Å–µ–≥–¥–∞ –±—É–¥–µ—Ç —Å–æ–ª–Ω—Ü–µ –∏ –±—Ä–∞—Ç—å—è –Ω–∞—à–∏ –º–µ–Ω—å—à–∏–µü§≤üèª...
‚†Ä ‚†Ä 
–ë—É–¥—å—Ç–µ –∑–¥–æ—Ä–æ–≤—ãüíö! ~~~~~~~~~~~~~~~~~~~~~~~~~~~~~~~~~~~~~~~~~~~
#–¥–æ–±—Ä—ã–π–≤–µ—á–µ—Ä#–∫–∞—Ä–∞–Ω—Ç–∏–Ω#–∞—Ä—Ö–∏–≤#–≥–æ—Ä—ã#–∫–∞–∑–∞—Ö—Å—Ç–∞–Ω#–≤–µ–ª–∏–∫–∏–µ–≥–æ—Ä—ã#–∏—Å–∫—É—Å—Å—Ç–≤–æ#–±–∏–≤–µ–Ω—å–º–∞–º–æ–Ω—Ç–∞#—Ä—É—á–Ω–∞—è—Ä–∞–±–æ—Ç–∞#–∫–æ—Å—Ç–æ—Ä–µ–∑–Ω–æ–µ–∏—Å–∫—É—Å—Å—Ç–≤–æ#–±–µ—Ä–µ–≥–∏—Ç–µ–¥—Ä—É–≥–¥—Ä—É–≥–∞#–æ—Å—Ç–∞–≤–∞–π—Ç–µ—Å—å–¥–æ–º–∞#carantine#mountains#mountain#mountainlovers#kazakhstan#bigalmatylake#handmade#art#mammothmountain#mammoth#mammothtusk#stayhome#animals#naturephotography#photography#stayathome",–¥–æ–±—Ä—ã–π–≤–µ—á–µ—Ä|–∫–∞—Ä–∞–Ω—Ç–∏–Ω|–∞—Ä—Ö–∏–≤|–≥–æ—Ä—ã|–∫–∞–∑–∞—Ö—Å—Ç–∞–Ω|–≤–µ–ª–∏–∫–∏–µ–≥–æ—Ä—ã|–∏—Å–∫—É—Å—Å—Ç–≤–æ|–±–∏–≤–µ–Ω—å–º–∞–º–æ–Ω—Ç–∞|—Ä—É—á–Ω–∞—è—Ä–∞–±–æ—Ç–∞|–∫–æ—Å—Ç–æ—Ä–µ–∑–Ω–æ–µ–∏—Å–∫—É—Å—Å—Ç–≤–æ|–±–µ—Ä–µ–≥–∏—Ç–µ–¥—Ä—É–≥–¥—Ä—É–≥–∞|–æ—Å—Ç–∞–≤–∞–π—Ç–µ—Å—å–¥–æ–º–∞|carantine|mountains|mountain|mountainlovers|kazakhstan|bigalmatylake|handmade|art|mammothmountain|mammoth|mammothtusk|stayhome|animals|naturephotography|photography|stayathome,2020-04-22 11:58:12,tusk_ykt,21
mammothmountain,"Credit: Antiquity, Alex Pryor. The¬†structure¬†was found at an archaeological site, known as Kostenki 11, which is located by the Don River, close to the Russian city of Voronezh. Radiocarbon dating suggests that the site is around 25,000 years¬†old, making it one of the¬†oldest mammoth bone structure

#architecturedesign #archeaologysite #discovery #discoverypage #antiquity #alexpryor #mammothmountain #mammothbones #discover_earth #russia #russian #russianhistory .",architecturedesign|archeaologysite|discovery|discoverypage|antiquity|alexpryor|mammothmountain|mammothbones|discover_earth|russia|russian|russianhistory,2020-04-22 07:03:25,h.i.s.t.o.r.y.007,13
mammothmountain,"Here's the video from the other day of the 7lb Lightning Trout
.
.
.
.
.
.
.
.
.
.
.
.
.
.
#easternsierras #mammothstories #mammothmountain #browntrout #cutthroat #cutthroattrout #rainbowtrout #flyfishing #jdm #jdmfishing #convictlake #crowleylake #pyramidlake  @ares_lure_rod  @daiwa_japan @digitakagram @graphiteleader_official #troutfishing #trout #finesseanglers #crappie #bass #bassfishing @outcastsportinggear #superfatcat #jdmfishing #lightningtrout  #palmdalefinandfeatherclub @gopro @gopro_fishing @egofishinggear",easternsierras|mammothstories|mammothmountain|browntrout|cutthroat|cutthroattrout|rainbowtrout|flyfishing|jdm|jdmfishing|convictlake|crowleylake|pyramidlake|troutfishing|trout|finesseanglers|crappie|bass|bassfishing|superfatcat|jdmfishing|lightningtrout|palmdalefinandfeatherclub,2020-04-22 05:08:05,finesse_anglers,19
alpinemeadows,"Tending to my garden üåº bloom away, little petals.",,2020-04-21 22:17:11,disco_steph,60
alpinemeadows,"Spring has officially sprung in Hope Valley, and we're starting to see lots of sprouting and blooming! We can't wait until all of our wonderful guests can enjoy our beautiful backyard with us. üå±‚òÄÔ∏è‚†Ä
.‚†Ä
.‚†Ä
.‚†Ä
.‚†Ä
.‚†Ä
#sorensensresort #mountaingetaway #mountainresort #logcabins #cabininthewoods #cabinliving #mountainhiking #mountainliving #alpinemeadows #northerncali #mountainvacation #hopevalley #sierranevada #southlaketahoe #northerncalifornia #southtahoe #visittahoe #highsierras #kirkwood #renotahoe #familyvacay #familyvacations #weekendtime #vacationhome #homeawayfromhome",sorensensresort|mountaingetaway|mountainresort|logcabins|cabininthewoods|cabinliving|mountainhiking|mountainliving|alpinemeadows|northerncali|mountainvacation|hopevalley|sierranevada|southlaketahoe|northerncalifornia|southtahoe|visittahoe|highsierras|kirkwood|renotahoe|familyvacay|familyvacations|weekendtime|vacationhome|homeawayfromhome,2020-04-21 22:13:43,sorensensresort,33
alpinemeadows,"#EarthDayAtHome is almost here! We're excited to celebrate from home tomorrow - how about you?  You could:
üåé Complete a pantry audit to reduce food waste at home
üåé Take a walk around your local area and see what nature you can spot
üåé Learn about the impact Earth Day has had since it began in 1970, and why you should celebrate it now! Read more on our blog - link in bio.",earthdayathome,2020-04-21 21:08:26,productcarerecycling,17
alpinemeadows,"Can't wait for warm summer days on the lake üí¶‚òÄÔ∏è
.
.
.
.
.
.
.
.
.
.
.
.
.
.
.
.
.
#northlaketahoe #tahoelife #squawvalley #truckeeca #truckeelove #truckee #alpinemeadows #diamondpeak #mountrose #borealmountain #northstartahoe #northstarresort #laketahoehomes #tahoehomes #mountaintownlife #lifesbetteruphere #skyrunvacationrentals #skyrunvr #localfun #digitaldetox #mountainviews",northlaketahoe|tahoelife|squawvalley|truckeeca|truckeelove|truckee|alpinemeadows|diamondpeak|mountrose|borealmountain|northstartahoe|northstarresort|laketahoehomes|tahoehomes|mountaintownlife|lifesbetteruphere|skyrunvacationrentals|skyrunvr|localfun|digitaldetox|mountainviews,2020-04-21 20:22:20,skyrunnorthlaketahoe,7
homewoodskiresort,"This West Shore chalet is loaded with charm and is 3 minutes from Homewood resort and 3 blocks to the private beach, making it an ideal Tahoe escape. Asking $999,000. All offers will be considered. Call for a - virtual - tour!",,2020-04-14 17:10:51,susansafipour,42
kirkwoodskiresort,"#kirkwood #freshpowder #fun #breithaupt #kirkwoodskiresort 
#adrenalinejunkie #adventure #filmmaker #filmproduction #sierra 
#mountain #boarding #southshore #cinematographer #gopro #happy #directorofphotography #powder
#lifeisawesome #tahoe #california #skiing #adrenalinenetwork #snow #cinematography #videoproduction",kirkwood|freshpowder|fun|breithaupt|kirkwoodskiresort|adrenalinejunkie|adventure|filmmaker|filmproduction|sierra|mountain|boarding|southshore|cinematographer|gopro|happy|directorofphotography|powder|lifeisawesome|tahoe|california|skiing|adrenalinenetwork|snow|cinematography|videoproduction,2020-04-20 03:24:06,billbreithaupt,12
kirkwoodskiresort,"Snowboarding at Kirkwood Ski Resort with Bill Breithaupt. 
#snowboarding #freshpowder #fun #kirkwoodskiresort #tahoe #skiing #california #snowboarding #sierra #mountain #boarding #southshore 
#breithaupt #director #aquaburn #filmmaker #filmproduction #cold #cinematography #adrenalinejunkie #adventure #adrenalinenetwork #nature #outdoors #spirtual #happy",snowboarding|freshpowder|fun|kirkwoodskiresort|tahoe|skiing|california|snowboarding|sierra|mountain|boarding|southshore|breithaupt|director|aquaburn|filmmaker|filmproduction|cold|cinematography|adrenalinejunkie|adventure|adrenalinenetwork|nature|outdoors|spirtual|happy,2020-04-20 02:19:25,billbreithaupt,23
northstarattahoe,"Beautiful bronze sculpture, ‚ÄúCelebration‚Äù by Carol Gold. Limited edition number 6 of 10, measures 22‚Äù tall. ‚ÄúI sculpt in wax, then cast into bronze. I have chosen to work with human and animal forms to best express my feelings about nature and the human condition. I strive to convey a mood as well as create a sense of motion in space. Through the years my sculpture has moved in the direction of increasing simplicity.‚Äù-Carol Gold

Gallery Price-$4,200 (last photo)
Our eBay price-$2,500
Truckee Local price-$1,750

#truckeeantiques #carolgold #celebration #bronzesculpture #fineart #limitededition #art #artsculpture #lostwaxcasting #waxsculpture #humanform #humanformart #bronzecasting #galleryart #artdealer #dealoftheday #americanpickers #pawnstars #picking #antiques #ebayseller #ebay #dancingart #truckee #laketahoe #martiscamp #lahontan #schaffersmill #squawvalley #northstarattahoe",truckeeantiques|carolgold|celebration|bronzesculpture|fineart|limitededition|art|artsculpture|lostwaxcasting|waxsculpture|humanform|humanformart|bronzecasting|galleryart|artdealer|dealoftheday|americanpickers|pawnstars|picking|antiques|ebayseller|ebay|dancingart|truckee|laketahoe|martiscamp|lahontan|schaffersmill|squawvalley|northstarattahoe,2020-04-17 15:01:19,truckee_antiques,10
northstarattahoe,"Looking for a Venue for your Welcome Reception, Rehearsal Dinner, After Party or Corporate outing! We have the perfect venues to accommodate all your event needs! (Photo featuring #alpineclub) 
PHOTOGRAPHY l @chrisbeckphotography",alpineclub,2020-04-16 00:10:56,tahoemountainevents,13
northstarattahoe,It‚Äôs hard to get these special moments alone on your wedding day when it‚Äôs just the two of you enjoying your venue and view at 7900‚Äô. A beautiful moment captured by @lindseydenmanphoto at #schafferscamp venue.,schafferscamp,2020-04-14 23:45:47,tahoemountainevents,35
sierraattahoe,"What was meant to be a two day snowboarding trip with the cuz @1992much was cut down to one when heavy snowfall closed #sierraattahoe for a day. We still managed to find some stairs to throw ourselves down and there was plenty of pow the next day to throw ourselves into - @rhodyadams
-
Full video:
https://youtu.be/4tmCd6thlvA
-
#freshpow #snowboardingtrip #snowboarding #snow #southlaketahoe",sierraattahoe|freshpow|snowboardingtrip|snowboarding|snow|southlaketahoe,2020-04-21 04:39:57,rhodyadams,4
sierraattahoe,"Back when @1992much and I were throwing ourselves down some stairs. Full video link in description. Good times.
-
#snowday #snowboarding #freshpow #sierraattahoe #skiresort",snowday|snowboarding|freshpow|sierraattahoe|skiresort,2020-04-21 04:29:42,rhodyadams,42
sierraattahoe,"Last years snowball fight @sierra_at_tahoe #missyou
.
.
.

#lobsnotlazers #verticalplus #passhold #apperication #gaperday #happyholiday #springtime #sierraattahoe #bestview #tahoesnaps #tahoesouth #laketahoe #friends #jonessnowboards #wearesherpa #stayoutthere #newseason #sierrarulznumber1 #healthy #safe",missyou|lobsnotlazers|verticalplus|passhold|apperication|gaperday|happyholiday|springtime|sierraattahoe|bestview|tahoesnaps|tahoesouth|laketahoe|friends|jonessnowboards|wearesherpa|stayoutthere|newseason|sierrarulznumber1|healthy|safe,2020-04-20 16:18:14,kevinsuarte,54
sierraattahoe,"Remember when you had to wait in line to enter the ski resort?! .
.
.
#explore #explorerpage #liveoutside #adventureout #wildernessculture #neverstopexploring #tahoesouth #renotahoe #southlaketahoe #keeptahoeblue #landscapephotography #ski #snowboarding  #tahoe_landscapes #california #northerncalifornia #sierraattahoe  #wintervibes #stayandwander #landscape_photo #canonphoto #cold_places #leadinglines_photography 
#skiresort #landscapephotog #outdoorphotog",explore|explorerpage|liveoutside|adventureout|wildernessculture|neverstopexploring|tahoesouth|renotahoe|southlaketahoe|keeptahoeblue|landscapephotography|ski|snowboarding|tahoe_landscapes|california|northerncalifornia|sierraattahoe|wintervibes|stayandwander|landscape_photo|canonphoto|cold_places|leadinglines_photography|skiresort|landscapephotog|outdoorphotog,2020-04-20 00:51:13,ctrlaltlandscapes,42
sodasprings,‚ÄúLove is a canvas furnished by nature and embroidered by the imagination.‚Äù- Voltaire #rainbowlodgecalifornia #rainbowlodgewedding,rainbowlodgecalifornia|rainbowlodgewedding,2020-04-22 00:02:56,rainbowlodgeca,10
sodasprings,"SODA SPRINGS WATERFALL taken at Tongariro Alpine Crossing, North  Island of New Zealand.  You can purchase this photo in my store here - https://quackproductions.picfair.com. Or follow link in my bio. Prints & Downloads available. #sodasprings #sodaspringsnz #waterfall #waterfallsofinstagram #tongariro #tongariroalpinecrossing #tongarironationalpark #picfair  #newzealand #nz #gonewzealand #nationalgeography #ilovenewzealand #walkingnewzealand #moody #adventures #holiday #travel #travelphotography #canon5dmarkiv #northislandnewzealand #northisland #northislandnz #newzealandgeographic #instagood #instadaily #summer #water #hikesofinstagram #prints",sodasprings|sodaspringsnz|waterfall|waterfallsofinstagram|tongariro|tongariroalpinecrossing|tongarironationalpark|picfair|newzealand|nz|gonewzealand|nationalgeography|ilovenewzealand|walkingnewzealand|moody|adventures|holiday|travel|travelphotography|canon5dmarkiv|northislandnewzealand|northisland|northislandnz|newzealandgeographic|instagood|instadaily|summer|water|hikesofinstagram|prints,2020-04-21 08:34:43,qp_ph0tography,44
sodasprings,Burnt orange hues. #rainbowlodgecalifornia #rainbowlodgewedding,rainbowlodgecalifornia|rainbowlodgewedding,2020-04-21 00:12:08,rainbowlodgeca,11
sodasprings,The world through ears of a horse. Love quality time with my yellow boy.,,2020-04-19 18:13:13,matchbox_girl,4
tahoedonner,"As the seasons change so do the sports! With the snow slowly melting the trails in Tahoe Donner have been providing the perfect social distancing activity, how fun does this look! -
-
-
-
-
#truckee #tahoedonner #truckeelife #tahoe #tahoelife #mountainbike #mountainbiking #enduromtb",truckee|tahoedonner|truckeelife|tahoe|tahoelife|mountainbike|mountainbiking|enduromtb,2020-04-21 20:05:38,eldergrouptahoerealestate,8
tahoedonner,"With the official Earth Day celebration happening tomorrow, I wanted to share additional air quality improvement photos from around the world.

Because of COVID-19, the earth has been able to press the reset button. There's been record-low oil consumption and astonishing air quality improvement.

The Himalayas are now visible from Nepal and India for the first time in many, many years. This is one unexpected, yet positive aspect of the quarantine. My hope is that this improvement will encourage us all to pay more attention to the quality of the air and to celebrate the earth with each day as opposed to just once a year.

#truckee #truckeelove #truckeeriver #truckeelife #truckeehomes #truckeerealestate #truckeelifestyle #truckeefood #truckeeevents #truckeerealtor #laketahoe #laketahoelife #laketahoerealestate
#northlaketahoe #northlaketahoerealestate #tahoerealtor #tahoehomes
#tahoefoodie #kingsbeach #tahoecity#squawvalley #squawalpine #squaw
#skisquaw #northstar #inclinevillage #earthday #tahoedonner
#martiscamp #96161",truckee|truckeelove|truckeeriver|truckeelife|truckeehomes|truckeerealestate|truckeelifestyle|truckeefood|truckeeevents|truckeerealtor|laketahoe|laketahoelife|laketahoerealestate|northlaketahoe|northlaketahoerealestate|tahoerealtor|tahoehomes|tahoefoodie|kingsbeach|tahoecity|squawvalley|squawalpine|squaw|skisquaw|northstar|inclinevillage|earthday|tahoedonner|martiscamp|96161,2020-04-21 19:25:29,homemeanstruckee.tahoe,14
tahoedonner,"Finishing up...or almost finishing up our install today and finishing touches are being implemented. Furnishing installations take months to source, prepare for, and realize and we are thankful to see how this home is coming together!",,2020-04-21 18:01:01,alt.designtruckee,52
tahoedonner,"Alli Richardson starts up her study in Colossians! Please note the new link listed below, you can also FB search ‚ÄúEncouragement In Christ‚Äù We can‚Äôt wait to dive into the word with you and see The supremacy of Christ over spiritual forces and the earth, the gospel, and new life in Christ! Wednesday‚Äôs 6:30pm üôåüèª https://m.facebook.com/dailyencouragments20",,2020-04-21 17:31:01,sierrabible,9
bearvalley,"Following my first IGTV post showing how I transformed a client's product shot from plain image to an impact full ad, here I show the second part where I combined the individual products and create a group shot that still retains the powerful marketing message despite the extra information.

#graphicdesign #freelancedesigner #digitaldesign #clothingbrand #photoshop #illustrator #design #palmabay #palmabaycreative #designer #designagency #fashiondesign #arborist #bearvalleyco #bearvalley #treesurgeon #designvideo #igtv #igtvchannel",graphicdesign|freelancedesigner|digitaldesign|clothingbrand|photoshop|illustrator|design|palmabay|palmabaycreative|designer|designagency|fashiondesign|arborist|bearvalleyco|bearvalley|treesurgeon|designvideo|igtv|igtvchannel,2020-04-21 11:53:23,palmabaycreative,5
bearvalley,Chopping it up! Stihl MS461 ü™ì ü™ì ü™ì #troisfeuilleselagage #bearvalley #treeclimber #treeservice #treefelling #climbingarborist #arbdogs #tr√§df√§llning #tr√§dv√•rd #treesurgery #arboristsofinstagram #teufelberger  #treecutting #arboristlife #arborist #climbinglife #forestry #lumberjack #greenmech #logging #madeforthis #arboriculture #treecare #treesurgeon #femalearborist #elagage #arbgirl #protos #huskvarna #treeworker,troisfeuilleselagage|bearvalley|treeclimber|treeservice|treefelling|climbingarborist|arbdogs|tr√§df√§llning|tr√§dv√•rd|treesurgery|arboristsofinstagram|teufelberger|treecutting|arboristlife|arborist|climbinglife|forestry|lumberjack|greenmech|logging|madeforthis|arboriculture|treecare|treesurgeon|femalearborist|elagage|arbgirl|protos|huskvarna|treeworker,2020-04-21 11:32:03,troisfeuilleselagage,505
bearvalley,marsh view.,,2020-04-21 06:56:57,smorgasborgeson,71
bearvalley,"Living in Bear Valley is everything to me! I love it  so much that I choose a life with many days of  solidarity from people I love dearly. I do miss my besties and family often! These unicorns have been my diamonds through incredible lifelong journeys! Three sisters + 9 besties. I miss them all so much! Always in my heart everyday. Can‚Äôt wait for a vacay with this crew! Let‚Äôs make it happen in the near future ladies @jennaphillipsballard @tmoneeyyy_ @tamer_of_mountains @foxyoxy25 @laurenabraham @ariellehm @aefitzpat @briannamstehlik & the non instagramers Daphne, Tesia, Amelia & Ana! I can also think of about another 20 + awesome women who will want a much needed getaway! Girls retreat in the future! A retreat at my moms villas in Markleeville? Or Sedona? Joshua Tree? Somewhere spiritual and magical! I mean Burning Man is out this year... but these girls are on fireüî• let‚Äôs create something awesome and keep lighting up this life!! #bff #sisters #unicorns #alwaystogether #memorylane #chicksthatrock #bearvalley #lifesajourney #crew",bff|sisters|unicorns|alwaystogether|memorylane|chicksthatrock|bearvalley|lifesajourney|crew,2020-04-21 05:43:37,lauren_schimke,44
dodgeridge,"Nature's Whole Food Depot is a small business that is open & stocks healthy food, vitamins, Elderberry everything and an awesome nursery featuring native plants. It's right here in Standard across from the @thestandardpoursonora üç∫
Thanks for the post @keverne_denahan from @kardzee
Stay healthy and safe everyone. Looking forward to business as usual.  Here if you need me. üò∑‚¨ÜÔ∏è
#wereallinthistogether #staysafeeveryone 
#healthfoodstore #elderberry #tuolumnecounty üë©üèº‚Äçüåæü•¨üè†
‚ÄúGuiding You to Your Next Home.‚Äù
.
.
.
.
#kathieburbyrealtor  #countryliving #sonoraca #goldcountry #mountainliving #homebuyers  #motherloderealtor  #foreverhome  #buyersagent #sellersagent #highway108 #investmentproperty #mountainhome #vacationhome  #sfbayarea #trivalley  #firsttimehomebuyer  #sacramentocounty #centralvalley #trivalley #pinecrestlake #miwukvillage #twainharteca #dodgeridge",wereallinthistogether|staysafeeveryone|healthfoodstore|elderberry|tuolumnecounty|kathieburbyrealtor|countryliving|sonoraca|goldcountry|mountainliving|homebuyers|motherloderealtor|foreverhome|buyersagent|sellersagent|highway108|investmentproperty|mountainhome|vacationhome|sfbayarea|trivalley|firsttimehomebuyer|sacramentocounty|centralvalley|trivalley|pinecrestlake|miwukvillage|twainharteca|dodgeridge,2020-04-21 22:15:48,kathieburbyrealtor,13
dodgeridge,"DODGE RIDGE SKIERS + RIDERS PHOTO ALBUM
Day 2 of 7
---------------------
Continuing on with our showcase of Dodge Ridge Skiers + Riders. Here‚Äôs another set of photos from the hundreds submitted by our community. We hope you‚Äôre enjoying these photos as much as we are. It‚Äôs great to see so many who share our passion.

We‚Äôll continue to send some smiles your way with a small collection of photos to enjoy each day for the week ahead... Feel free to IG Message us with your photos to keep the album growing!

Early Bird Season Pass pricing extended through Sunday, May 3. Use the link in our profile for complete details or give us a call 7 days a week at (209) 965-3474.

#dodgeridge #skicalifornia #familyowned #familyloved #ski #snowboard #visittuolumnecounty #twainharteca #sonoraca #pinecrestca #tuolumnecounty #livewhereyouplay #livewhereyouvacation #winteractivities #wintersports #skiseason",dodgeridge|skicalifornia|familyowned|familyloved|ski|snowboard|visittuolumnecounty|twainharteca|sonoraca|pinecrestca|tuolumnecounty|livewhereyouplay|livewhereyouvacation|winteractivities|wintersports|skiseason,2020-04-21 21:27:58,dodgeridge,442
dodgeridge,"DODGE RIDGE SKIERS + RIDERS PHOTO ALBUM
Day 1 of 7
---------------------
We recently asked our community of skiers and riders to share some of their favorite photo memories from this season. The response has been overwhelming and we would like to thank everyone for the hundreds of heartwarming photo submissions. It means everything for us to be part of your winter and the moments of joy you shared with us, gave us joy too.

We thought we might send some smiles your way with a small collection of these photos each day for the week ahead to enjoy... Feel free to IG Message us with your photos to¬†keep the¬†album growing!

#dodgeridge¬†#skicalifornia¬†#familyowned¬†#familyloved¬†#ski¬†#snowboard¬†#visittuolumnecounty¬†#twainharteca¬†#sonoraca¬†#pinecrestca¬†#tuolumnecounty¬†#livewhereyouplay¬†#livewhereyouvacation¬†#winteractivities¬†#wintersports¬†#skiseason",dodgeridge|skicalifornia|familyowned|familyloved|ski|snowboard|visittuolumnecounty|twainharteca|sonoraca|pinecrestca|tuolumnecounty|livewhereyouplay|livewhereyouvacation|winteractivities|wintersports|skiseason,2020-04-20 22:39:18,dodgeridge,584
dodgeridge,#ski #skull #bones #bandanabob #dodgeridge #pinecrest #california #snow #wayoflife #greatfuldead,ski|skull|bones|bandanabob|dodgeridge|pinecrest|california|snow|wayoflife|greatfuldead,2020-04-20 03:21:21,nielsjr90,8
junemountain,"It feels like spring today and this small gem certainly captures that feeling! Greens are popping while snow lingers up high. Available online at monoarts.org/store.html for $55 by talented local, Julie Rolfe! Shop and support MAC and our local artists. #monoartscouncil #junelake #localart #watercolor #ink #junemountain #easternsierra #monocounty",monoartscouncil|junelake|localart|watercolor|ink|junemountain|easternsierra|monocounty,2020-04-19 21:04:15,monoartscouncil,40
junemountain,"Chairlift views @junemountain. Never skied there prior to this year but it quickly became one of my favorite destinations on the @ikonpass. Can‚Äôt wait till next season!! #quarantinenowskilater 
#live2ski #skiing‚õ∑ #snowsports #skier #skiing #skiingüéø #snow #winter #mountains #ski #junemountain #skiingislife #backcountryskiing #wintersport #winterwonderland #skilife #alpineskiing  #adventure #loveskiing #mountainlife #junelake #wintersports #skiingisawesome #skiingday #getoutside #ikonpass  #skicalifornia #instagood #snowsports #skiingfun",quarantinenowskilater|live2ski|skiing|snowsports|skier|skiing|skiing|snow|winter|mountains|ski|junemountain|skiingislife|backcountryskiing|wintersport|winterwonderland|skilife|alpineskiing|adventure|loveskiing|mountainlife|junelake|wintersports|skiingisawesome|skiingday|getoutside|ikonpass|skicalifornia|instagood|snowsports|skiingfun,2020-04-19 20:09:07,felix_eduardo88,45
junemountain,"Couldn't pass up a reason to recognize #nationalhusbandappreciationday. I could seriously not get through #quarantine and life in general without this guy by my side. I love you hubby! ‚ù§Ô∏è
.
Also, these amazing photos were taken by @photosby_olga .
.
.
73/365 ‚Üü‚Üü‚Üü‚Üü‚Üü‚Üü‚Üü‚Üü‚Üü‚Üü‚Üü‚Üü‚Üü‚Üü‚Üü‚Üü‚Üü‚Üü‚Üü‚Üü‚Üü‚Üü‚Üü‚Üü‚Üü‚Üü‚Üü‚Üü‚Üü‚Üü‚Üü‚Üü‚Üü‚Üü‚Üü‚Üü‚Üü‚Üü‚Üü
#hubbyappreciation #weddingphotos #junemountainwedding #junelakewedding #diywedding #diyweddingideas #mountainwedding #junebugweddings #renophotographer #weddingphotography #wedding #weddingphotographer #renoweddingphotographer #nnvphotographers #weddingblog #mountaintopwedding #nevadaphotographer #dirtybootsandmessyhair #dirtybootsmessyhair #renocreatives #renoblogger #photoadaychallenge #photoaday #junemountain #junelake #loveoverfear #breaktheclouds #meetthebartletts",nationalhusbandappreciationday|quarantine|hubbyappreciation|weddingphotos|junemountainwedding|junelakewedding|diywedding|diyweddingideas|mountainwedding|junebugweddings|renophotographer|weddingphotography|wedding|weddingphotographer|renoweddingphotographer|nnvphotographers|weddingblog|mountaintopwedding|nevadaphotographer|dirtybootsandmessyhair|dirtybootsmessyhair|renocreatives|renoblogger|photoadaychallenge|photoaday|junemountain|junelake|loveoverfear|breaktheclouds|meetthebartletts,2020-04-18 20:59:34,breakthecloudsphoto,31
junemountain,"I love social distancing!  Been doing it for years!
This is what it‚Äôs like when you have the entire mountain to yourself.
 Not having to worry about someone cutting you off during speed runs is such an awesome feeling.
.
.

#junemountain #mammothmountain #snowboarding #snowboardlife #burton #doc43 #43 #fortythree #oakley #oakleygoggles #speedrun #gofast #gooutside #outdoors #snow #gopro #socialdistancing #keepyourdistance #dontbeafraid #turnoffthetv #gooutandlive",junemountain|mammothmountain|snowboarding|snowboardlife|burton|doc43|43|fortythree|oakley|oakleygoggles|speedrun|gofast|gooutside|outdoors|snow|gopro|socialdistancing|keepyourdistance|dontbeafraid|turnoffthetv|gooutandlive,2020-04-18 15:47:37,sergiorueda43,80
chinapeak,"Nainital is one of the most beautiful hill stations in North India and commonly known as ""The lake city of India"".
It's located at an altitude of approximately 2,084 meters above the sea level.
The town is famous for its various natural attractions and favorable climate all year.
.
#himalayantripsindia
#himalayantripsindiacommunity #chinapeak
#nainital #nainitaldiaries #nainitaltrip #uttarakhand #lakecity #lake #incredibleuttrakhand #india #incredibleindia #himalayas #indiapictures #streatsofourworld #coloursofindia #explorerealindia #travelrealuttarakhand #americanblogger #america #Americatravellers #australiantraveller #australianblogger #australiagram#kumaon #devbhoomi #uttarakhandtourism #incredibleindia #pahadi",himalayantripsindia|himalayantripsindiacommunity|chinapeak|nainital|nainitaldiaries|nainitaltrip|uttarakhand|lakecity|lake|incredibleuttrakhand|india|incredibleindia|himalayas|indiapictures|streatsofourworld|coloursofindia|explorerealindia|travelrealuttarakhand|americanblogger|america|americatravellers|australiantraveller|australianblogger|australiagram|kumaon|devbhoomi|uttarakhandtourism|incredibleindia|pahadi,2020-04-22 03:25:14,himalayantripsindia,30
chinapeak,"Face the #wild or face away,
The #greens will grow on.
.
.
.
Pic: A fallen #tree that's still growing near the top of #chinapeak . Thanks for the #awesome tee #ih .
.
.
And what is that pose even called?
.
PC :@itstanyajoshi
.
.
.
.
#Edits: Used the #selectiveediting #feature in #lr to get this #dualtone of #bnw and #vibrant green. .
.
.
.
.
.
.
.
.
#lrpresets #nainitaldiaries #greenhell #forestphotography #panda #climbersofinstagram #naturepics #himalayan #uttarakhand #trek #dayhike #writerscommunity #tripotocommunity #trellcommunity #photooftheday #likeforlikes #followforfollowback",wild|greens|tree|chinapeak|awesome|ih|edits|selectiveediting|feature|lr|dualtone|bnw|vibrant|lrpresets|nainitaldiaries|greenhell|forestphotography|panda|climbersofinstagram|naturepics|himalayan|uttarakhand|trek|dayhike|writerscommunity|tripotocommunity|trellcommunity|photooftheday|likeforlikes|followforfollowback,2020-04-21 12:24:13,gh_um_akkad,41
chinapeak,"Social Distancing ü¶†
‚Ä¢
@romesnowboards @mountainvibez @unionbindingco @crabgrab @adidassnowboarding",,2020-04-20 18:58:38,shinoders7,202
chinapeak,"Finally got a chance to hit Shaver Lake for some twistys üèî Car grips amazing around curves even in wet conditions üõ£ need a GoPro bad .
.
Video credit - @tiffic_ ‚ù§Ô∏è
.
.
#tougerunners #ctr #fk8club_ #shaverlake #chinapeak #mountainrun #championshipwhite #typerowners #tougejdm",tougerunners|ctr|fk8club_|shaverlake|chinapeak|mountainrun|championshipwhite|typerowners|tougejdm,2020-04-20 04:07:01,fk8__eddie,61
altasierra,"SENIORRSSS!üéì This post is for YOU!

I can not imagine what you‚Äôre feeling. & I am so so so sorry that your final year got ripped away from you.

To try to shed some light, I am offering 50% off for any seniors that still need senior portraits!! I feel this is the least I can do for you all. You guys really do deserve some beautiful photos!

Tag any seniors you know below!!üß°üß°",,2020-04-21 02:04:23,kailachristinephotography,91
altasierra,"La cuarentena con vino es mejor üç∑üè°
#SierraLuna #vino #vinoMexicano #AltaSierra #instawine",sierraluna|vino|vinomexicano|altasierra|instawine,2020-04-20 17:42:44,vinicolamx,9
altasierra,Sick and tired of your #crib? Call us! We are showing and #selling #RealEstate #getmeout #sellmyhouse #househunting #moving #norcal #thelookyloo #grass valley #altasierra #roseville #loomis #auburn #sacramento #granitebay #folsom #lakewildwood #colfax,crib|selling|realestate|getmeout|sellmyhouse|househunting|moving|norcal|thelookyloo|grass|altasierra|roseville|loomis|auburn|sacramento|granitebay|folsom|lakewildwood|colfax,2020-04-18 06:46:42,tamiandrealestate,7
altasierra,"Thirsty Thursday calls for a new can in the fridge, Revision Citra Slam!

Come grab ‚Äòme while we got them, open until 8PM!

#altasierra #lakeofthepines #pennvalley #grassvalley #nevadacity #nevadacounty #trailblazercraftpizzaandbrews #craftbrews #revisionbrewingcompany #supportlocal #shopindependent",altasierra|lakeofthepines|pennvalley|grassvalley|nevadacity|nevadacounty|trailblazercraftpizzaandbrews|craftbrews|revisionbrewingcompany|supportlocal|shopindependent,2020-04-16 20:20:30,trailblazerpizza,13
buckhorn,#daisiesüåº #flowers #gerberdaisy #fourseasonsgardenandmaintenance  #northkawarthalandscape #peterborough #stoneylake #buckhorn #gardens,daisies|flowers|gerberdaisy|fourseasonsgardenandmaintenanc|northkawarthalandscape|peterborough|stoneylake|buckhorn|gardens,2020-04-22 12:23:31,four.seasonsgarden,4
buckhorn,"My thoughts are with Nova Scotia this evening.‚†Ä
‚†Ä
#Lakehouse #StoneyLake #StonyLake #Lakefield #ChemongPark #CurveLake #Ennismore #Selwyn #FowlersCorners #YoungsPoint #FloodsLanding #Buckhorn #McCrakensLanding #GilchristBay #Ptbo #TuesdayThoughts #TuesdayMotivation",lakehouse|stoneylake|stonylake|lakefield|chemongpark|curvelake|ennismore|selwyn|fowlerscorners|youngspoint|floodslanding|buckhorn|mccrakenslanding|gilchristbay|ptbo|tuesdaythoughts|tuesdaymotivation,2020-04-22 02:16:06,eldapirie,1
buckhorn,"Looking to give your brick home a little boost?‚†Ä
Painted brick facades for instant curb appeal https://buff.ly/2RYQeQq‚†Ä
‚†Ä
#rental_income #rental_income #rentalincomeguarantee #createrentalincome #Peterborough #Hastings #Campbellford #Norwood #Havelock #Ptbo #Bobcaygeon #Buckhorn #HomesForSale #Realtor #RealEstate #Tuesday_ #tues #transformationtuesday #tuesdaythoughts #transformationtuesdays #tuesdaytransformation #tuesdayvibes",rental_income|rental_income|rentalincomeguarantee|createrentalincome|peterborough|hastings|campbellford|norwood|havelock|ptbo|bobcaygeon|buckhorn|homesforsale|realtor|realestate|tuesday_|tues|transformationtuesday|tuesdaythoughts|transformationtuesdays|tuesdaytransformation|tuesdayvibes,2020-04-22 00:57:05,rodhall.remax,2
buckhorn,"Minutes passed. Spectacular to view from inside but don‚Äôt feel like being out in 35km/h brisk winds today. I‚Äôm ready for summer. 
#springstorm #snowagain #lakeliving #cottagelife #clouds #naturesgifts #thekawarthas #kawarthanow #kawarthalakes #buckhorn #lakefield",springstorm|snowagain|lakeliving|cottagelife|clouds|naturesgifts|thekawarthas|kawarthanow|kawarthalakes|buckhorn|lakefield,2020-04-22 00:11:59,memtyme,7
bearmountain,"Even with the residual from a couple days ago, we were the highest people in CT this morning.
ü§ô
#getoutside #sunrise #bearmountain",getoutside|sunrise|bearmountain,2020-04-22 12:01:14,brianirock,12
bearmountain,"üñ§üñ§ .
.
.
#momlife #boymom #mama #babylove #babylife #danish #danishmom #sunnydays #spring #springtime #bearmountain #victoria #victoriabc #vancouverisland #canada",momlife|boymom|mama|babylove|babylife|danish|danishmom|sunnydays|spring|springtime|bearmountain|victoria|victoriabc|vancouverisland|canada,2020-04-22 11:37:05,asshalby,8
bearmountain,"#BearMountain #ApalachianTrail #Hike #QuarantineDiaries #SeeLoveShoot üëÄ‚ù§Ô∏èüì∏ #seanjamar #DancePhotography #NYC 
#eventphotography #concertphotogrphy  #liveperformance #photography 
#SeanJamarDOTcom #Nikon #IPhonography #IPhoneX",bearmountain|apalachiantrail|hike|quarantinediaries|seeloveshoot|seanjamar|dancephotography|nyc|eventphotography|concertphotogrphy|liveperformance|photography|seanjamardotcom|nikon|iphonography|iphonex,2020-04-22 11:26:34,seanjamardotcom,5
bearmountain,#bearmountain #forestbathing #forest #wildflowers #pacificnorthwest #britishcolumbia #spring #spring2020 #canada,bearmountain|forestbathing|forest|wildflowers|pacificnorthwest|britishcolumbia|spring|spring2020|canada,2020-04-22 07:33:01,sanya56,7
kratkaridge,The old single chair at #kratkaridge,kratkaridge,2020-04-20 06:26:42,hlschwindt,39
kratkaridge,"Formerly Route 61 - Hwy 2
#angelescresthighway #angelescrest #highway2  #highway61revisited  #highway61 #angelesnationalforest #mtwilson #kratkaridge #snowcrest #mtwaterman #newcombsranch #islipsaddle #switzersfalls",angelescresthighway|angelescrest|highway2|highway61revisited|highway61|angelesnationalforest|mtwilson|kratkaridge|snowcrest|mtwaterman|newcombsranch|islipsaddle|switzersfalls,2020-04-18 03:26:42,essjaydub67,24
mountwaterman,Still lots of snowüòÆ‚ùÑÔ∏è #mountwaterman #moutain #snow #lanationalforest #socal #la,mountwaterman|moutain|snow|lanationalforest|socal|la,2020-04-18 05:27:42,j_susie_catsndogstoo,15
mountwaterman,#mothernatureisbeautiful #natureatitsbestüçÉ #natureatitsbest #leavethemainroad #leavetheworldbehind #carride #carridesarethebest #upupandaway we went to the #mountwilson #mountwaterman #mountains yesterday #snowcappedmountains #musicblasting from #glendaleca #glendalecalifornia #myglendale #glendalelife #newyorker #californialiving #californiadreamin #nomask #nomasks #nomaskneeded #whatsupglendale #downtownglendale #refreshed #renewed #rejuvenation #amazingview #amazingplaces,mothernatureisbeautiful|natureatitsbest|natureatitsbest|leavethemainroad|leavetheworldbehind|carride|carridesarethebest|upupandaway|mountwilson|mountwaterman|mountains|snowcappedmountains|musicblasting|glendaleca|glendalecalifornia|myglendale|glendalelife|newyorker|californialiving|californiadreamin|nomask|nomasks|nomaskneeded|whatsupglendale|downtownglendale|refreshed|renewed|rejuvenation|amazingview|amazingplaces,2020-04-16 19:49:03,anahidbal,14
mountwaterman,"No one around for miles

#snowboarding #selfisolation #nature #hikeitout #snow #mountains #mountain High #Mountwaterman #outdoors #outdoorsman #freshlines",snowboarding|selfisolation|nature|hikeitout|snow|mountains|mountain|mountwaterman|outdoors|outdoorsman|freshlines,2020-04-14 00:12:43,j.p_1991man,22
mountainhigh,"Komic ( Altitude: 4587m. or 15027ft. )
The world highest village connected with a motorable road. 
Spiti Valley, Himachal Pradesh
.
.
.
.
.
.
#spitidiaries #spiti #spitivalley #himachalpradesh #himalayas #himachal #highonhimalayas #himalayanmountains #travelgram #instatravel #instahimachal #travellingram #travelhimalayas #travelhimachal #exploreindia #explorehimalayas #explorehimachal #jannatehimachal #travel_captures #go4explore #exploremore #travelmore #travellove #mountains #mountainstories #mountainlove #mountainhigh #india #travel #trip",spitidiaries|spiti|spitivalley|himachalpradesh|himalayas|himachal|highonhimalayas|himalayanmountains|travelgram|instatravel|instahimachal|travellingram|travelhimalayas|travelhimachal|exploreindia|explorehimalayas|explorehimachal|jannatehimachal|travel_captures|go4explore|exploremore|travelmore|travellove|mountains|mountainstories|mountainlove|mountainhigh|india|travel|trip,2020-04-22 12:43:53,atravellersepisode,6
mountainhigh,"Dal vivo √® davvero impressionante... ü§©
""Il Profondo""
‚Ä¢
‚Ä¢
‚Ä¢
#üèî #mountain #mountains #toptags #mountainbike #mountaindew #mountainview #mountainlife #mountaineering #mountaintop #mountainman #mountainclimbing #mountaineers #mountaineer #mountaincreek #mountainliving #mountainesia #mountainworld #mountainhigh #mountainlove #mountainside #mountainclimbers",mountain|mountains|toptags|mountainbike|mountaindew|mountainview|mountainlife|mountaineering|mountaintop|mountainman|mountainclimbing|mountaineers|mountaineer|mountaincreek|mountainliving|mountainesia|mountainworld|mountainhigh|mountainlove|mountainside|mountainclimbers,2020-04-22 11:37:12,matteonardulli,37
mountainhigh,"ü¶Öü¶Ö ‚Ä¢
‚Ä¢
‚Ä¢
üèî #mountain #mountains #toptags #mountainbike #mountaindew #mountainbiking #mountainview #mountainlife #mountaineering #mountaintop #mountainman #mountainclimbing #mountaineers #mountaingirls #mountaineer #mountaincreek #mountainlion #mountainliving #mountainesia #mountainbikes #mountaindog #mountainworld #mountainhigh #mountainlove #mountainside #mountainbikersbr #mountaingirl #mountainbiker #mountainporn #mountainclimbers",mountain|mountains|toptags|mountainbike|mountaindew|mountainbiking|mountainview|mountainlife|mountaineering|mountaintop|mountainman|mountainclimbing|mountaineers|mountaingirls|mountaineer|mountaincreek|mountainlion|mountainliving|mountainesia|mountainbikes|mountaindog|mountainworld|mountainhigh|mountainlove|mountainside|mountainbikersbr|mountaingirl|mountainbiker|mountainporn|mountainclimbers,2020-04-22 10:43:58,imyourhoneybunny,8
mountainhigh,"Great things are done when men and mountains meet; This is not done by jostling in the street.‚Äù - William Blake
‚Ä¢
‚Ä¢
‚Ä¢
üèî #mountain #mountains #toptags #mountainbike #mountaindew #mountainbiking #mountainview #mountainlife #mountaineering #mountaintop #mountainman #mountainclimbing #mountaineers #mountaingirls #mountaineer #mountaincreek #mountainlion #mountainliving #mountainesia #mountainbikes #mountaindog #mountainworld #mountainhigh #mountainlove #mountainside #mountainbikersbr #mountaingirl #mountainbiker #mountainporn #mountainclimbers",mountain|mountains|toptags|mountainbike|mountaindew|mountainbiking|mountainview|mountainlife|mountaineering|mountaintop|mountainman|mountainclimbing|mountaineers|mountaingirls|mountaineer|mountaincreek|mountainlion|mountainliving|mountainesia|mountainbikes|mountaindog|mountainworld|mountainhigh|mountainlove|mountainside|mountainbikersbr|mountaingirl|mountainbiker|mountainporn|mountainclimbers,2020-04-22 10:21:48,nisheshjaiswall,22
snowsummit,"R–µp–æst @seanpettit
Rate this from 1-10
Follow @trepangco @oznoln @spam720x480 üî• Switzerland, Italy, and France Feb.2019 // @alex.beebe @brodeywolfe @codywils @biggie_spliff @blakepaul Tag your friends in comments, maybe their videos will be publish to feed ‚ù§Ô∏è#fwt19 #skierg√∏y #snowbrasil #skiertrash #beskidomaniacy #skitrabber #snowday2017‚ùÑÔ∏è‚òÉÔ∏è‚ù§Ô∏è #snowtrip2018 #snowday2018‚ùÑÔ∏è #railskiing #skierlife #snowboardinglove #sprprk #skishop #skiheavenly #freestyleskiing #snowboardlove #snowboardtime #snowsurf #skiptheline #skiingisbelieving #snowdayfunday #snowboardingfail #letsgoskiing #snowboardingfamily #snowboardaddiction #snowsport #snowboardchick #ilovesnow #snowsummit",fwt19|skierg√∏y|snowbrasil|skiertrash|beskidomaniacy|skitrabber|snowday2017|snowtrip2018|snowday2018|railskiing|skierlife|snowboardinglove|sprprk|skishop|skiheavenly|freestyleskiing|snowboardlove|snowboardtime|snowsurf|skiptheline|skiingisbelieving|snowdayfunday|snowboardingfail|letsgoskiing|snowboardingfamily|snowboardaddiction|snowsport|snowboardchick|ilovesnow|snowsummit,2020-04-22 12:27:43,snowbreading,0
snowsummit,"‚ÄúThere is no light without shadow, just as there is no happiness without pain‚Äùüíô
.
.
.
.
.
#mountains#mountainlife#switzerland#matterhorn#mountainshadows#summit#mountaineering#climbing#climbing_is_my_passion#climbing_photos_of_instagram#bluemountains#mountaineer#himalaya#snowsummit#mountain#mountaingirl#high#altitude#mountainlife#determination#strongmind#highaltitude#expedition#himalayasarecalling#snowclimbing#grateful#blessed üôå",mountains|mountainlife|switzerland|matterhorn|mountainshadows|summit|mountaineering|climbing|climbing_is_my_passion|climbing_photos_of_instagram|bluemountains|mountaineer|himalaya|snowsummit|mountain|mountaingirl|high|altitude|mountainlife|determination|strongmind|highaltitude|expedition|himalayasarecalling|snowclimbing|grateful|blessed,2020-04-22 08:50:44,makosjaa,44
snowsummit,Throwüîô  Partywaveü§òüèªüöÄüï∫üèº #snowsummit #partywave #yttues #ytindustries #bigbearmountain  #snowsummitbikepark #ytowners #sendit #throwback,snowsummit|partywave|yttues|ytindustries|bigbearmountain|snowsummitbikepark|ytowners|sendit|throwback,2020-04-22 00:03:39,iamraaambo_mtb,35
snowsummit,Love where u live! Especially important in a time when you‚Äôre not supposed to leave your neighborhood. üî•‚ù§Ô∏èüíØ #trekbikes #trekslash #slash98 #trekslash29 #murderedout #snowsummit #snowsummitbikepark #traildogsintraining #mtbdogs #australianshepherdworld #adventuredog #traildogs #snowdogs #adventuredogsofficial #aussiesdoingthings #explorewithdogs #backcountrypaws #mountainbiking #snowdog  #traildog #mountaindog #mtbtraildog #mtb #mtblife  #hikingwithdogs #traildogmtb #ridenowsleeplater #adventurepal #mtb #mountainbike #mtbdog,trekbikes|trekslash|slash98|trekslash29|murderedout|snowsummit|snowsummitbikepark|traildogsintraining|mtbdogs|australianshepherdworld|adventuredog|traildogs|snowdogs|adventuredogsofficial|aussiesdoingthings|explorewithdogs|backcountrypaws|mountainbiking|snowdog|traildog|mountaindog|mtbtraildog|mtb|mtblife|hikingwithdogs|traildogmtb|ridenowsleeplater|adventurepal|mtb|mountainbike|mtbdog,2020-04-21 21:29:33,lokees_trail_tails,319
